post,country,clean_post,sentiment,post_length,vader_compound,vader_sentiment,textblob_sentiment,label,lstm_pred,lstm_sentiment
Problems with Bold text in Messaging,United States,problems bold text messaging,positive,28,-0.0258,neutral,positive,positive,2,positive
Plaisio.gr Iphone 17 available in store pick up?,United States,plaisio gr iphone available store pick,positive,38,0.0,neutral,positive,positive,2,positive
Iphone 17 Pro Max - blinking green pixel in AOD,United States,iphone pro max blinking green pixel aod,negative,39,0.0,neutral,negative,negative,2,positive
Moving to a new phone.,United States,moving new phone,positive,16,0.0,neutral,positive,positive,2,positive
does app refreshing happen on latest iphones?,United States,app refreshing happen latest iphones,positive,36,0.0,neutral,positive,positive,2,positive
Best store to pre-order iphone 17 pro max,Philippines,best store pre order iphone pro max,positive,35,0.6369,positive,positive,positive,2,positive
Best device for pubg.,United States,best device pubg,positive,16,0.6369,positive,positive,positive,2,positive
lovely midnight apple silicone case combination for the iphone 17 pro max deep blue,United States,lovely midnight apple silicone case combination iphone pro max deep blue,positive,72,0.5859,positive,positive,positive,2,positive
Unable to login on IPhone 17 Pro Max,United States,unable login iphone pro max,negative,27,0.0,neutral,negative,negative,2,positive
Dust under brand new iphone 17 pro max camera lens,United States,dust brand new iphone pro max camera lens,positive,41,0.0,neutral,positive,positive,2,positive
"My first iphone, 17 pro max through mercantile",Pakistan,first iphone pro max mercantile,positive,31,0.0,neutral,positive,positive,2,positive
Iphone 17 ProMax camera is incredible,United States,iphone promax camera incredible,positive,31,0.0,neutral,positive,positive,2,positive
Iphone 17 ProMax camera is incredible,United States,iphone promax camera incredible,positive,31,0.0,neutral,positive,positive,2,positive
Camera sound. should i be worried?,United States,camera sound worried,positive,20,-0.296,negative,positive,positive,2,positive
Why all these Screen protectors suck so much?,United States,screen protectors suck much,negative,27,-0.4404,negative,positive,positive,2,positive
My new iPhone 17 Pro Max (Cosmic Orange) feels special,United States,new iphone pro max cosmic orange feels special,positive,46,0.4019,positive,positive,positive,2,positive
Weird contacts bug,United States,weird contacts bug,negative,18,-0.1779,negative,negative,negative,2,positive
sell as rep to curious buyers,Brazil,sell rep curious buyers,positive,23,0.3182,positive,negative,negative,2,positive
Mous Limitless vs Spigen Tough Armor for Iphone 17 Pro Max,United States,mous limitless vs spigen tough armor iphone pro max,negative,51,-0.128,negative,negative,negative,2,positive
My iphone 17 Pro max Screen on time 12h im surprised 🧡🪩.,United States,iphone pro max screen time im surprised,positive,39,0.2263,positive,positive,positive,2,positive
My iphone 17 Pro max Screen on time 12h im surprised 🧡🪩.,United States,iphone pro max screen time im surprised,positive,39,0.2263,positive,positive,positive,2,positive
My iPhone17 pro max is SO BEAUTIFUL 🧡🪩.,United States,iphone pro max beautiful,positive,24,0.5994,positive,positive,positive,2,positive
Having second thoughts about buying the new IPhone 17 Pro Max,United States,second thoughts buying new iphone pro max,neutral,41,0.0,neutral,positive,positive,2,positive
Second thoughts about buying the new IPhone 17 Pro Max,United States,second thoughts buying new iphone pro max,neutral,41,0.0,neutral,positive,positive,2,positive
I didn't expect to like my IPhone 17 Pro Max this much...,United States,didn expect like iphone pro max much,positive,36,0.3612,positive,positive,positive,2,positive
is there any cover that completely disables the useless camera button ?,United States,cover completely disables useless camera button,negative,47,-0.4728,negative,negative,negative,2,positive
"I cracked my phone, am I still able to get $1,100 toward the iphone 17 pro max?",United States,cracked phone still able get toward iphone pro max,positive,50,0.0,neutral,positive,positive,2,positive
Iphone 17 pro max: New York Times games don’t work,United States,iphone pro max new york times games don work,positive,44,0.0,neutral,positive,positive,2,positive
Slow speeds when connected to Carplay.,United States,slow speeds connected carplay,negative,29,0.0,neutral,negative,negative,2,positive
I want to order a case from dbrand iphone 17 pro max be honest is it worth the price ?,United States,want order case dbrand iphone pro max honest worth price,positive,56,0.6705,positive,positive,positive,2,positive
what’s your favorite device setup?,United States,favorite device setup,positive,21,0.4588,positive,positive,positive,2,positive
what’s your favorite steam link setup?,United States,favorite steam link setup,positive,25,0.4588,positive,positive,positive,2,positive
orange phone so loud it made me forget the 17 even dropped,United States,orange phone loud made forget even dropped,negative,42,-0.2263,negative,positive,positive,2,positive
New Phone Dilemma... Advice Needed,United States,new phone dilemma advice needed,neutral,31,-0.1779,negative,positive,positive,2,positive
iPhone 17 Camera Clicking Sound - driven by iOS 26 or Hardware?,United States,iphone camera clicking sound driven ios hardware,positive,48,0.0,neutral,positive,positive,2,positive
General Feelings of the IPhone 17 Pro Max and IOS26,United States,general feelings iphone pro max ios,neutral,35,0.0,neutral,positive,positive,2,positive
iPhone 17 Pro Max Review: First Week Ownership Experience,United States,iphone pro max review first week ownership experience,positive,53,0.0,neutral,positive,positive,2,positive
Low power mode is very annoying on iOS26,United States,low power mode annoying ios,negative,27,-0.5859,negative,negative,negative,2,positive
Favorite slim profile magsafe wallet that can fit 4 cards?,United States,favorite slim profile magsafe wallet can fit cards,positive,50,0.6705,positive,positive,positive,2,positive
I ordered an iphone 17 pro max on 9/15 but it’s not slated to arrive until like 11/7. Is that normal? A lot of people i know ordered theirs way later than me and already received their phones.,United States,ordered iphone pro max slated arrive like normal lot people know ordered way later already received phones,positive,106,0.3612,positive,positive,positive,2,positive
Is the iphone 17 pro max really annoying to hold in your pocket/hand ?,United States,iphone pro max really annoying hold pocket hand,negative,47,0.0534,positive,negative,negative,2,positive
UniFi Cloud Gateway Ultra and slow downloads from iPhone AppStore,United States,unifi cloud gateway ultra slow downloads iphone appstore,negative,56,0.0,neutral,negative,negative,2,positive
Iphone 17 Pro Max vs Pixel 10 Pro XL: The Answer Is Clear,United States,iphone pro max vs pixel pro xl answer clear,positive,43,0.3818,positive,positive,positive,2,positive
Apple forced me to pay 1.1k dollars,United States,apple forced pay dollars,negative,24,-0.5267,negative,negative,negative,2,positive
iPhone 17 Pro Max | iOS26 Is Actually Crazy Battery Nightmare | Power Consumption Deep Dive,United States,iphone pro max ios actually crazy battery nightmare power consumption deep dive,negative,79,-0.34,negative,negative,negative,2,positive
"My relative (typical marwari) Earning 10 lac per month , but still using nokia keypad and when ask to them answer is ""kya karna hai""",United States,relative typical marwari earning lac per month still using nokia keypad ask answer kya karna hai,neutral,96,0.0,neutral,negative,negative,2,positive
Upgraded to new iphone 17 pro max and activated it successfully last night. Then Visible reversed the activation this morning and re-activated my old phone?,United States,upgraded new iphone pro max activated successfully last night visible reversed activation morning re activated old phone,positive,120,0.4939,positive,positive,positive,2,positive
Is the new iphone worth it?,United States,new iphone worth,positive,16,0.2263,positive,positive,positive,2,positive
Iphone 17 pro max battery draining too fast,United States,iphone pro max battery draining fast,positive,36,0.0,neutral,positive,positive,2,positive
Game file now switching to new device,United States,game file switching new device,negative,30,0.0,neutral,negative,negative,2,positive
Spigen vs RhinoShield Camera Protectors – Are They Worth It?,United States,spigen vs rhinoshield camera protectors worth,positive,45,0.2263,positive,positive,positive,2,positive
Google Store return new phone after trade in completed.,United States,google store return new phone trade completed,positive,45,0.0,neutral,positive,positive,2,positive
Upgrading from Iphone 13 to Iphone 17 Pro Max - Worth it?,United States,upgrading iphone iphone pro max worth,positive,37,0.2263,positive,positive,positive,2,positive
ATT Unlimited Premium -> USM Dark Star Premium - Any catch?,United States,att unlimited premium usm dark star premium catch,negative,49,0.0,neutral,negative,negative,2,positive
I keep getting subbed to random channel I don't remember doing so.,United States,keep getting subbed random channel don remember,negative,47,0.0,neutral,negative,negative,2,positive
ATT is so incompetent - Upgrade eligibility gone after canceling iphone order.,United States,att incompetent upgrade eligibility gone canceling iphone order,negative,63,-0.4767,negative,negative,negative,2,positive
Transfer request canceled after the new phone delivered,United States,transfer request canceled new phone delivered,positive,45,0.0,neutral,positive,positive,2,positive
Any news on any new colors for the IPhone 17 Pro max?,United States,news new colors iphone pro max,positive,30,0.0,neutral,positive,positive,2,positive
Confused between IPhone 17 pro max or 16 Pro max 😕,United States,confused iphone pro max pro max,negative,31,-0.3182,negative,negative,negative,2,positive
Top Speaker Rattle Sound,United States,top speaker rattle sound,positive,24,0.2023,positive,positive,positive,2,positive
Internation arrival in karachi airport coming with new iphone,Pakistan,internation arrival karachi airport coming new iphone,positive,53,0.0,neutral,positive,positive,2,positive
EU VER Iphone 17 Pro Max battery draining really fast,United States,eu ver iphone pro max battery draining really fast,positive,50,0.0,neutral,positive,positive,2,positive
EU Ver Iphone 17 Pro Max Battery draining fast,United States,eu ver iphone pro max battery draining fast,positive,43,0.0,neutral,positive,positive,2,positive
iphone 17 pro max battery sucks. Wtf tim apple?,United States,iphone pro max battery sucks wtf tim apple,negative,42,-0.743,negative,negative,negative,2,positive
Iphone 17 Pro Max sound issues,United States,iphone pro max sound issues,positive,27,0.0,neutral,positive,positive,2,positive
Love the Ostand Q3 Air for the IPhone 17 Pro Max but..,United States,love ostand air iphone pro max,positive,30,0.6369,positive,positive,positive,2,positive
Iphone 17 pro max 256 gb deep blue reservation jumber 213 havent changes from last week any idea how much it would take them to ship the device ?,United States,iphone pro max gb deep blue reservation jumber havent changes last week idea much take ship device,neutral,98,0.0,neutral,positive,positive,2,positive
New phone order horrible experience,United States,new phone order horrible experience,negative,35,-0.5423,negative,negative,negative,2,positive
What’s taking so long!,United States,taking long,neutral,11,0.0,neutral,negative,negative,2,positive
Osrs crashing alot on new ios 26 or iphone 17pro?,United States,osrs crashing alot new ios iphone pro,positive,37,0.0,neutral,positive,positive,2,positive
Unable to get expected GUDP speeds moving from iphone 13 Pro to iphone 17 pro.,United States,unable get expected gudp speeds moving iphone pro iphone pro,negative,60,0.0,neutral,negative,negative,2,positive
"Iphone 17 pro battery concern, apple doesnt really have an answer",United States,iphone pro battery concern apple doesnt really answer,positive,53,0.0,neutral,positive,positive,2,positive
Liquid glass UI working perfectly when navigation,United States,liquid glass ui working perfectly navigation,positive,44,0.6369,positive,positive,positive,2,positive
Free Iphone 17 pro? do i still get credits if i upgrade to 18 next year?,United States,free iphone pro still get credits upgrade next year,positive,51,0.7003,positive,positive,positive,2,positive
Iphone 17 pro screen identical to base iphone 17?,United States,iphone pro screen identical base iphone,negative,39,0.0,neutral,negative,negative,2,positive
Iphone 17 Pro/PM changing colour under Sun. Orange 17 IPhone Pro Max turned Rose Gold,India,iphone pro pm changing colour sun orange iphone pro max turned rose gold,positive,72,0.0,neutral,positive,positive,2,positive
Sec bank powermac installment,United States,sec bank powermac installment,negative,29,0.0,neutral,negative,negative,2,positive
IPhone 17 Pro Screen - small damage after 2 weeks,United States,iphone pro screen small damage weeks,negative,36,-0.4939,negative,negative,negative,2,positive
Slow loading speed?,United States,slow loading speed,negative,18,0.0,neutral,negative,negative,2,positive
First day with GR IV - my thoughts in the description,United States,first day gr iv thoughts description,positive,36,0.0,neutral,positive,positive,2,positive
"Got this ""25W"" 3 in 1 charging stand by Anker with display. Charges iphone 17 pro at full 25W magsafe wireless",United States,got charging stand anker display charges iphone pro full magsafe wireless,neutral,73,-0.2732,negative,positive,positive,2,positive
Apple Pre Order first timer,Philippines,apple pre order first timer,positive,27,0.0,neutral,positive,positive,2,positive
what is the best way to switch all data and esims on two iphones?,United States,best way switch data esims two iphones,positive,38,0.6369,positive,positive,positive,2,positive
can i trade in my old phone after i pick up my new one?,United States,can trade old phone pick new one,positive,32,0.0,neutral,positive,positive,2,positive
Soft rattling sound by cameras???,United States,soft rattling sound cameras,positive,27,0.0,neutral,positive,positive,2,positive
I Got my Brand New IPhone 17 Pro for 74k Yen,United States,got brand new iphone pro yen,positive,28,0.0,neutral,positive,positive,2,positive
What Iphone would be best,United States,iphone best,positive,11,0.6369,positive,positive,positive,2,positive
Trouble finding a case for my silver 17 Pro,United States,trouble finding case silver pro,negative,31,-0.4019,negative,negative,negative,2,positive
Trouble finding a case for my silver 17 Pro,United States,trouble finding case silver pro,negative,31,-0.4019,negative,negative,negative,2,positive
slow motion still not fixed on Iphone 17 Pro and iOS26,United States,slow motion still fixed iphone pro ios,negative,38,0.0,neutral,negative,negative,2,positive
"Got scammed on OLX, what are my legal options?",United States,got scammed olx legal options,positive,29,0.128,positive,positive,positive,2,positive
I need help with what screen protector to get for my new Iphone 17 Pro,United States,need help screen protector get new iphone pro,positive,45,0.4019,positive,positive,positive,2,positive
"Robots: What Skin Are You Using On Your Website Page For The iPhone 17 Pro and, most importantly, is it Grippy?",United States,robots skin using website page iphone pro importantly grippy,positive,60,0.3182,positive,positive,positive,2,positive
Iphone 17 Pro $1100 apple watch $500 and ipad $500 over 36 months w trade in deal active via verizon site,United States,iphone pro apple watch ipad months trade deal active via verizon site,positive,69,0.4019,positive,negative,negative,2,positive
"New IPhone 17 Pro has been downloading Intelligence features for ever, how can this be fixed?",United States,new iphone pro downloading intelligence features ever can fixed,positive,63,0.4767,positive,positive,positive,2,positive
Real life battery life of iphone 17 pro BUT with SIM card?,United States,real life battery life iphone pro sim card,positive,42,0.0,neutral,positive,positive,2,positive
Message failed to send - Time sensitive ? iOS 26.0.1 - iphone 17 pro,United States,message failed send time sensitive ios iphone pro,negative,49,-0.5106,negative,negative,negative,2,positive
"i’m extremely uneducated on esim, can i swap esims from another phone?",United States,extremely uneducated esim can swap esims another phone,negative,54,0.0,neutral,negative,negative,2,positive
iphone 17 pro display pixel frames clearly visible,United States,iphone pro display pixel frames clearly visible,positive,47,0.4019,positive,positive,positive,2,positive
I can not hear the difference between my brand new Beyerdynamic DT 1990 Pro MK2 and my Apple Airpods 4,United States,can hear difference brand new beyerdynamic dt pro mk apple airpods,positive,66,0.0,neutral,positive,positive,2,positive
Iphone 17 pro slow,United States,iphone pro slow,negative,15,0.0,neutral,negative,negative,2,positive
Grey sunday in Copenhagen,United States,grey sunday copenhagen,neutral,22,0.0516,positive,negative,negative,2,positive
Does Belkin screen protector for Iphone 16 Pro fit Iphone 17 pro?,United States,belkin screen protector iphone pro fit iphone pro,positive,49,0.3612,positive,positive,positive,2,positive
iPhone 17 Pro: microphones poor for live music recording! Watch out!,United States,iphone pro microphones poor live music recording watch,negative,54,-0.4767,negative,negative,negative,2,positive
One of the first few photos with IPhone 17 Pro,United States,one first photos iphone pro,positive,27,0.0,neutral,positive,positive,2,positive
Iphone 17 base or Iphone 16 pro,Philippines,iphone base iphone pro,negative,22,0.0,neutral,negative,negative,2,positive
Selling Covered Calls is for Suckers.,United States,selling covered calls suckers,negative,29,-0.5106,negative,negative,negative,2,positive
"For iphone 17 pros/air, apple direct promo and tmobile trade in promo are same?",United States,iphone pros air apple direct promo tmobile trade promo,positive,54,0.0,neutral,positive,positive,2,positive
Whys iphone 17 not available at any store/authorised resellers?,United States,whys iphone available store authorised resellers,positive,48,0.0,neutral,positive,positive,2,positive
Please Diagnose My Mom (mental/psych),United States,please diagnose mom mental psych,positive,32,0.3182,positive,negative,negative,2,positive
Can someone explain to me whats wrong with my mom? I’m willing to do anything to fix it.,United States,can someone explain whats wrong mom willing anything fix,negative,56,-0.4767,negative,negative,negative,2,positive
Applecare is soo confusing,United States,applecare soo confusing,negative,23,-0.2263,negative,negative,negative,2,positive
"Hi Tech_Philippines. I'm posting this using my very mid Samsung A26 5G phone. Just for comparison, how would IPhone 17 compare to the type of mid-range phone that I have, generally? I'm no techie, so i would appreciate your keeping things simple for me thank you community",Philippines,hi tech philippines posting using mid samsung phone comparison iphone compare type mid range phone generally techie appreciate keeping things simple thank community,positive,164,0.6369,positive,positive,positive,2,positive
Confused between s25 base and iphone 17 base,United States,confused base iphone base,negative,25,-0.3182,negative,negative,negative,2,positive
Iphone 17 getting too much storage (IOS 26.0.1),United States,iphone getting much storage ios,positive,31,0.0,neutral,positive,positive,2,positive
Can't backup icloud to iphone 17 because previous phone was on beta version 26.1,United States,can backup icloud iphone previous phone beta version,negative,52,0.0,neutral,negative,negative,2,positive
Coming from Iphone13 base,United States,coming iphone base,negative,18,0.0,neutral,negative,negative,2,positive
Apple morgen long 🍏,United States,apple morgen long,neutral,17,0.0,neutral,negative,negative,2,positive
How big is the battery life difference between the iPhone 17 and 17 Pro (not Max)? Is the ~$300 extra worth it?,United States,big battery life difference iphone pro max extra worth,positive,54,0.2263,positive,positive,positive,2,positive
Saan pinaka okay kumuha ng iPhone 17?,Philippines,saan pinaka okay kumuha ng iphone,positive,33,0.2263,positive,positive,positive,2,positive
10 BEAUTIFUL WALLPAPERS FOR IPHONE 17 IOS 26,United States,beautiful wallpapers iphone ios,positive,31,0.5994,positive,positive,positive,2,positive
Is iphone 17 available without preorder in your country?,United States,iphone available without preorder country,positive,41,0.0,neutral,positive,positive,2,positive
I ordered iphone 17 from Flipkart on September 30 and it's only going to arrive on 10th October. I stay in Mumbai and the retailer is in new delhi. Is this a serious problem?,India,ordered iphone flipkart september going arrive th october stay mumbai retailer new delhi serious problem,negative,104,-0.4588,negative,negative,negative,2,positive
I am sorry I jumped Ship to Apple !! I wish I didn't,United States,sorry jumped ship apple wish didn,negative,33,0.34,positive,negative,negative,2,positive
Shortcut not working due to some environment issue,United States,shortcut working due environment issue,negative,38,0.0,neutral,negative,negative,2,positive
"Got my first iphone ever , iphone 17",United States,got first iphone ever iphone,positive,28,0.0,neutral,positive,positive,2,positive
What am I missing here ?,United States,missing,negative,7,-0.296,negative,negative,negative,2,positive
Some random Iphone 17 pics,United States,random iphone pics,negative,18,0.0,neutral,negative,negative,2,positive
Help me decide between s24 ultra and iphone 17 base,United States,help decide ultra iphone base,negative,29,0.4019,positive,negative,negative,2,positive
Iphones at the best price in Kochi,India,iphones best price kochi,positive,24,0.6369,positive,positive,positive,2,positive
S25 vs S25+ vs Iphone 17 base. Which one should I go for?,India,vs vs iphone base one go,negative,24,0.0,neutral,negative,negative,2,positive
Help me decide between s24 ultra and iphone 17 base,United States,help decide ultra iphone base,negative,29,0.4019,positive,negative,negative,2,positive
Not available for pickup in HongKong,United States,available pickup hongkong,positive,25,0.0,neutral,positive,positive,2,positive
Why are y’all divas over chin strap hard hats.,United States,divas chin strap hard hats,negative,26,-0.1027,negative,negative,negative,2,positive
Best way to clean the IPhone 17 cameras?,United States,best way clean iphone cameras,positive,29,0.7845,positive,positive,positive,2,positive
Top deals on Refurbished iphones on BestBuy now,United States,top deals refurbished iphones bestbuy,positive,37,0.2023,positive,positive,positive,2,positive
good strong clear case for base iphone 17?,United States,good strong clear case base iphone,positive,34,0.8316,positive,positive,positive,2,positive
On the Dutch Amazon I see an ez fit “pro” screen protector. What’s the difference with the regular iPhone 17 screen protector? Is the pro ez fit worth it for a regular iPhone 17?,United States,dutch amazon see ez fit pro screen protector difference regular iphone screen protector pro ez fit worth regular iphone,positive,119,0.891,positive,positive,positive,2,positive
New Customer!,United States,new customer,positive,12,0.0,neutral,positive,positive,2,positive
Is the IPhone 17 with it??? I have a iPhone 11 and I wanted to upgrade it and get a new phone since I’ve had it for so long but I wasn’t sure if iPhone 17 was worth the trade it or if a 14 is better since it’s not too old but not to new either kinda in the middle??,United States,iphone iphone wanted upgrade get new phone since ve long wasn sure iphone worth trade better since old new either kinda middle,positive,126,0.7269,positive,positive,positive,2,positive
Is X200 FE worth for long term,United States,fe worth long term,positive,18,0.2263,positive,positive,positive,2,positive
Testing new phone,United States,testing new phone,positive,17,0.0,neutral,positive,positive,2,positive
"iPhone 17 pro max moon shot, just zoom in and turn down brightness by sliding down to the right of the center box.",United States,iphone pro max moon shot zoom turn brightness sliding right center box,positive,70,0.3818,positive,positive,positive,2,positive
"17PM, YouTube crashing out and other weird issues what to do?",United States,pm youtube crashing weird issues,negative,32,-0.1779,negative,negative,negative,2,positive
iPhone 17 Pro Max battery draining faster than expected — is this normal?,United States,iphone pro max battery draining faster expected normal,neutral,54,0.0,neutral,positive,positive,2,positive
iPhone 17 Pro Max vs iPhone 16 Pro Max - Which Is Best? | zollotech,United States,iphone pro max vs iphone pro max best zollotech,positive,47,0.6369,positive,positive,positive,2,positive
iPhone 17 Pro Max took a pretty cool moon pic tonight!,United States,iphone pro max took pretty cool moon pic tonight,positive,48,0.6705,positive,positive,positive,2,positive
Which one do you like best?,Philippines,one like best,positive,13,0.7717,positive,positive,positive,2,positive
"Finally due for an upgrade. Should I get iPhone 17 ProMax, Galaxy s25 Ultra or wait for the s26?!",United States,finally due upgrade get iphone promax galaxy ultra wait,negative,55,0.0,neutral,negative,negative,2,positive
iPhone 17 pro max bad matrial 😩 dropped 16  titanium better  drop many time case same this,United States,iphone pro max bad matrial dropped titanium better drop many time case,negative,70,-0.4019,negative,positive,positive,2,positive
iPhone 17 Pro Max: First Time Moment Buyer and Beginner,United States,iphone pro max first time moment buyer beginner,positive,47,0.0,neutral,positive,positive,2,positive
So what case looks better on the Cosmic Orange 17 Pro Max?,United States,case looks better cosmic orange pro max,positive,39,0.4404,positive,positive,positive,2,positive
iPhone 17 Pro Max. Cosmic Orange with a black translucent case.  I like how the colors contrast,United States,iphone pro max cosmic orange black translucent case like colors contrast,positive,72,0.3612,positive,negative,negative,2,positive
Full moon (shot using iPhone 17 pro max),Pakistan,full moon shot using iphone pro max,positive,35,0.0,neutral,positive,positive,2,positive
Full moon (shot using iPhone 17 pro max),Pakistan,full moon shot using iphone pro max,positive,35,0.0,neutral,positive,positive,2,positive
iPhone 17 Pro Max BLE random disconnects on iOS 26 / 26.1 beta,United States,iphone pro max ble random disconnects ios beta,negative,46,0.0,neutral,negative,negative,2,positive
Silly question/vent about deadnaming…,United States,silly question vent deadnaming,negative,30,0.0258,neutral,negative,negative,2,positive
How much better is iPhone 17 Pro Max Spatial Video on Vision Pro? Tested vs URSA Cine Immersive,United States,much better iphone pro max spatial video vision pro tested vs ursa cine immersive,positive,81,0.5994,positive,positive,positive,2,positive
"Confused about eSIM with China Mobile (Ningbo number, living in Tianjin, Japan iPhone 17 Pro Max)",China,confused esim china mobile ningbo number living tianjin japan iphone pro max,negative,76,-0.25,negative,negative,negative,2,positive
"Confused about eSIM with China Mobile (Ningbo number, living in Tianjin, Japan iPhone 17 Pro Max)",United States,confused esim china mobile ningbo number living tianjin japan iphone pro max,negative,76,-0.25,negative,negative,negative,2,positive
Perfect time to buy an iPhone,United States,perfect time buy iphone,positive,23,0.5719,positive,positive,positive,2,positive
Disappointed in screenprotector,United States,disappointed screenprotector,negative,28,-0.4767,negative,negative,negative,2,positive
Does shipping really take that long?,United States,shipping really take long,neutral,25,0.0,neutral,positive,positive,2,positive
I feel like iPhone 17 pro (max) very slippery. Is that true?,United States,feel like iphone pro max slippery true,positive,38,0.6486,positive,positive,positive,2,positive
iPhone 17 Pro Max is more than I need but I love it. Going dual phone for at least a year.,United States,iphone pro max need love going dual phone least year,positive,52,0.6369,positive,positive,positive,2,positive
Best cases? iPhone 17 pro max,United States,best cases iphone pro max,positive,25,0.6369,positive,positive,positive,2,positive
Best cases?,United States,best cases,positive,10,0.6369,positive,positive,positive,2,positive
Is it safe to stick an adhesive MagSafe ring lower on the iPhone 17 Pro Max?,United States,safe stick adhesive magsafe ring lower iphone pro max,positive,53,0.1779,positive,positive,positive,2,positive
Is it safe to stick an adhesive MagSafe ring lower on the iPhone 17 Pro Max?,United States,safe stick adhesive magsafe ring lower iphone pro max,positive,53,0.1779,positive,positive,positive,2,positive
"Media loading very slow, or not at all",United States,media loading slow,negative,18,0.0,neutral,negative,negative,2,positive
"iPhone 17 Pro Max users, after a while have you felt like the size and weight is just too much?",United States,iphone pro max users felt like size weight much,positive,47,0.3612,positive,positive,positive,2,positive
Incredible Battery Life,United States,incredible battery life,positive,23,0.0,neutral,positive,positive,2,positive
Delay on the new iPhones?,United States,delay new iphones,negative,17,-0.3182,negative,positive,positive,2,positive
Unable To Install ESIM On New iPhone 17 Pro Max,United States,unable install esim new iphone pro max,negative,38,0.0,neutral,negative,negative,2,positive
My iPhone 17? pro Max loses 4 % after restarting it(For a second time in 4 days),United States,iphone pro max loses restarting second time days,negative,48,-0.3182,negative,negative,negative,2,positive
iPhone17 Pro Max speaker soft or hardware issue,United States,iphone pro max speaker soft hardware issue,positive,42,0.0,neutral,positive,positive,2,positive
Better offer than $830 off iPhone 17 pro max on unlimited welcome?,United States,better offer iphone pro max unlimited welcome,positive,45,0.7096,positive,positive,positive,2,positive
Curious glitch or iOS limit? 48MP RAW on ProCamera forces HDR ON - can anyone confirm?,Brazil,curious glitch ios limit mp raw procamera forces hdr can anyone confirm,positive,71,0.3182,positive,negative,negative,2,positive
Reliable place to buy iPhone 17 and trade in my old phone,Pakistan,reliable place buy iphone trade old phone,positive,41,0.0,neutral,positive,positive,2,positive
Is it just me or the aptic feedback sucks?,United States,aptic feedback sucks,negative,20,-0.3612,negative,negative,negative,2,positive
How Many Hours Of Work Pay For An iPhone 17,India,many hours work pay iphone,positive,26,-0.1027,negative,positive,positive,2,positive
How Many Hours Of Work Pay For An iPhone 17,India,many hours work pay iphone,positive,26,-0.1027,negative,positive,positive,2,positive
Transferring to new iPhone without Updating,United States,transferring new iphone without updating,positive,40,0.0,neutral,positive,positive,2,positive
My first shots with the iPhone 17 Pro Max in Berlin,United States,first shots iphone pro max berlin,positive,33,0.0,neutral,positive,positive,2,positive
My first shots with the iPhone 17 Pro Max in Berlin,United States,first shots iphone pro max berlin,positive,33,0.0,neutral,positive,positive,2,positive
Game needs a patch,United States,game needs patch,negative,16,0.0,neutral,negative,negative,2,positive
People doing Apple vs Samsung. While vivo sits at the top.,United States,people apple vs samsung vivo sits top,positive,37,0.2023,positive,positive,positive,2,positive
17 Pro Max inkl. returresa New York,Sweden,pro max inkl returresa new york,positive,31,0.0,neutral,positive,positive,2,positive
"By now everyone knows that the new iPhone 17 Pro Max is available in Gaza, but is anyone buying? Light Phone on Wahda St. Gaza City show Mahmoud Rayan buying one from them for 40,000 shekels in installments!!! Timestamp: 1 day ago",United States,everyone knows new iphone pro max available gaza anyone buying light phone wahda st gaza city show mahmoud rayan buying one shekels installments timestamp day ago,positive,162,0.0,neutral,positive,positive,2,positive
Which case looks best on the Silver iPhone 17 Pro Max?,United States,case looks best silver iphone pro max,positive,37,0.6369,positive,positive,positive,2,positive
iPhone 17 pro max haptic randomly working,United States,iphone pro max haptic randomly working,negative,38,0.0,neutral,negative,negative,2,positive
"Dropped my 17 PM (in a case) for the first time - guess what, nothing happened.",United States,dropped pm case first time guess nothing happened,positive,49,0.0,neutral,positive,positive,2,positive
Vivo X300 Pro/Ultra - No RAW Video like iPhone 17 Pro (Max)?,United States,vivo pro ultra raw video like iphone pro max,positive,44,0.3612,positive,negative,negative,2,positive
She bought an iPhone 17 Pro Max… and asked for stainless-steel cleaner,United States,bought iphone pro max asked stainless steel cleaner,positive,51,0.1779,positive,positive,positive,2,positive
The Real Cost of the iPhone 17 Pro Max: What’s Behind Apple’s Billion-Dollar Pricing Machine - NEWS NEST,United States,real cost iphone pro max behind apple billion dollar pricing machine news nest,negative,78,0.0,neutral,negative,negative,2,positive
The Real Problem with the iPhone Air,United States,real problem iphone air,negative,23,-0.4019,negative,positive,positive,2,positive
"Random mmWave, downtown Denver on AT&T",United States,random mmwave downtown denver,negative,29,0.0,neutral,negative,negative,2,positive
"I feel like my soul is dead, while my body is alive. I have to come out with how I feel because I’ve kept it in me for too long.",United States,feel like soul dead body alive come feel ve kept long,negative,53,-0.0516,negative,negative,negative,2,positive
"I feel like my soul is dead, while my body is alive. I have to come out with how I feel because I’ve kept it in me for too long.",United States,feel like soul dead body alive come feel ve kept long,negative,53,-0.0516,negative,negative,negative,2,positive
Do you find that most experiences and interactions in life are just more awful now?,United States,find experiences interactions life awful,negative,40,-0.4588,negative,negative,negative,2,positive
Do you find that most experiences and interactions in life are just more awful now?,United States,find experiences interactions life awful,negative,40,-0.4588,negative,negative,negative,2,positive
"What can Apple users, who have made the switch, tell me are the main differences I'd experience switching from my pixel?",United States,can apple users made switch tell main differences experience switching pixel,positive,76,0.0,neutral,positive,positive,2,positive
Slim & Strong! Benks Kevlar Fiber Cases for iPhone 17 Pro Max,United States,slim strong benks kevlar fiber cases iphone pro max,positive,51,0.5106,positive,positive,positive,2,positive
"iPhone 17 Pro Max Preorder Delivery Timeline ,what’s the Usual Trend?",India,iphone pro max preorder delivery timeline usual trend,negative,53,0.0,neutral,negative,negative,2,positive
"New Phone, New Setup",United States,new phone new setup,positive,19,0.0,neutral,positive,positive,2,positive
Maxwells refuse to connect to new iPhone 17 pro max through the app.,United States,maxwells refuse connect new iphone pro max app,negative,46,-0.296,negative,positive,positive,2,positive
Anyone else’s battery for iPhone 17 Pro Max draining very fast after updating to ios 26.1?,United States,anyone else battery iphone pro max draining fast updating ios,positive,61,0.0,neutral,positive,positive,2,positive
Why is FLOLAB low ratings and ships late?,United States,flolab low ratings ships late,negative,29,-0.2732,negative,negative,negative,2,positive
Cancelled.. Reordered from Best Buy,United States,cancelled reordered best buy,positive,28,0.4939,positive,positive,positive,2,positive
Are there any major problems with the iPhone 17 yet?  Does it have scratching or denting issues like some of the Pro models do?,United States,major problems iphone yet scratching denting issues like pro models,neutral,67,-0.1263,negative,positive,positive,2,positive
"I don’t want an iPhone 17/Air, but this design concept has me curious",Brazil,don want iphone air design concept curious,positive,42,0.3818,positive,negative,negative,2,positive
Beyond The Box unveils pre-order freebies for iPhone 17 Series worth PHP 15K,United States,beyond box unveils pre order freebies iphone series worth php,positive,61,0.5719,positive,positive,positive,2,positive
Beyond The Box unveils pre-order freebies for iPhone 17 Series worth PHP 15K,United States,beyond box unveils pre order freebies iphone series worth php,positive,61,0.5719,positive,positive,positive,2,positive
First Design: A Wavy MagSafe Charging Dock,United States,first design wavy magsafe charging dock,positive,39,0.0,neutral,positive,positive,2,positive
I just don’t understand the hate Apple can get,United States,don understand hate apple can get,negative,33,-0.5719,negative,negative,negative,2,positive
Super Moon Shot,United States,super moon shot,positive,15,0.5994,positive,positive,positive,2,positive
USB port on the iPhone 17 is just as fast as the one on the iPod nano 19 years ago.,United States,usb port iphone fast one ipod nano years ago,positive,44,0.0,neutral,positive,positive,2,positive
"My estimated shipping date changed to the past, what does this mean?",United States,estimated shipping date changed past mean,negative,41,0.0,neutral,negative,negative,2,positive
Top part of my iPhone 17 Pro screen looks a bit brighter than the bottom — normal?,United States,top part iphone pro screen looks bit brighter bottom normal,positive,59,0.5267,positive,positive,positive,2,positive
Finally upgrading and I’m sad,United States,finally upgrading sad,negative,21,-0.4767,negative,negative,negative,2,positive
Love these cameras! iPhone 17 Pro edited in Lightroom,United States,love cameras iphone pro edited lightroom,positive,40,0.6369,positive,positive,positive,2,positive
Is 'blue shift' when turning the phone normal on OLED iPhones?,United States,blue shift turning phone normal oled iphones,neutral,44,0.0,neutral,positive,positive,2,positive
iPhone 15 Pro Max: to fix or not to fix? It hates non genuine Apple parts,United States,iphone pro max fix fix hates non genuine apple parts,neutral,52,-0.4404,negative,positive,positive,2,positive
Het Ontstaan van Fair Repair,United States,het ontstaan van fair repair,positive,28,0.3182,positive,positive,positive,2,positive
iPhone 17 Vs Samsung Galaxy s25 for a life long android user,United States,iphone vs samsung galaxy life long android user,neutral,47,0.0,neutral,negative,negative,2,positive
How long you planning on keeping the iPhone 17?,United States,long planning keeping iphone,neutral,28,0.0,neutral,negative,negative,2,positive
iPhone 13 to iPhone 17. Very satisfied.,United States,iphone iphone satisfied,positive,23,0.4215,positive,positive,positive,2,positive
iPhone 17 12 month free multi network verification,United States,iphone month free multi network verification,positive,44,0.5106,positive,positive,positive,2,positive
"First iPhone – 15 Plus (pink), 16, 16 Plus, or 17?",United States,first iphone plus pink plus,neutral,27,0.0,neutral,positive,positive,2,positive
iPhone 17 Pro Deep Blue in the Luckycoin dark brown leather case,United States,iphone pro deep blue luckycoin dark brown leather case,neutral,54,0.0,neutral,negative,negative,2,positive
Loving the cameras,United States,loving cameras,positive,14,0.5994,positive,positive,positive,2,positive
iPhone 17 Pro used wrong eSim data when running 26.0 on first day. $80 in overages.,United States,iphone pro used wrong esim data running first day overages,negative,58,-0.4767,negative,negative,negative,2,positive
"Compact external storage for iPhone 17 Pro ProRes (not a long USB stick, not a dangling SSD)",United States,compact external storage iphone pro prores long usb stick dangling ssd,neutral,70,0.0,neutral,negative,negative,2,positive
Quite surprise a lot still on old iPhone?,United States,quite surprise lot still old iphone,positive,35,0.3384,positive,positive,positive,2,positive
New iPhone 17 pro running into this issue. Stuck on this any time I try to use the AI stuff. Anyone else?,United States,new iphone pro running issue stuck time try use ai stuff anyone else,negative,68,-0.25,negative,positive,positive,2,positive
iPhone 17 P from Best Buy,United States,iphone best buy,positive,15,0.6369,positive,positive,positive,2,positive
"Returning Base 17 for Pro -- What Does ""Like New"" Mean Exactly?",United States,returning base pro like new mean exactly,positive,40,0.3612,positive,negative,negative,2,positive
Morning Sky in New England Fall 2025 Edition,United Kingdom,morning sky new england fall edition,positive,36,0.0,neutral,positive,positive,2,positive
Is the iPhone 17 camera better than iPhone 15?,United States,iphone camera better iphone,positive,27,0.4404,positive,positive,positive,2,positive
Is the iPhone 17 camera better than iPhone 15?,United States,iphone camera better iphone,positive,27,0.4404,positive,positive,positive,2,positive
Should I buy the new iPhone 17 with or without plan?,United States,buy new iphone without plan,positive,27,0.0,neutral,positive,positive,2,positive
Free upgrade?,United States,free upgrade,positive,12,0.5106,positive,positive,positive,2,positive
New Update: Version 10.80.0,United States,new update version,positive,18,0.0,neutral,positive,positive,2,positive
USB port on the iPhone 17 is just as fast as the one on the iPod nano 19 years ago.,India,usb port iphone fast one ipod nano years ago,positive,44,0.0,neutral,positive,positive,2,positive
Supporting Travel + Sport activities with my first Watch?,United States,supporting travel sport activities first watch,positive,46,0.4404,positive,positive,positive,2,positive
PSA: AppleCare One Covering New iPhone Order Provisionally,United States,psa applecare one covering new iphone order provisionally,positive,57,0.0,neutral,positive,positive,2,positive
iPhone 17 Pro Max mod with SSD cooler maintains 90% stability in 3DMark stress test,United States,iphone pro max mod ssd cooler maintains stability dmark stress test,negative,67,-0.4215,negative,positive,positive,2,positive
iPhone 17 Pro Max AAA gaming test shows Resident Evil 4 running at 60 FPS without thermal throttling,United States,iphone pro max aaa gaming test shows resident evil running fps without thermal throttling,negative,89,-0.6597,negative,negative,negative,2,positive
"iPhone 17 Pro Max charges faster than ever, here’s how much [36 W compared to 30 W for the iPhone 16 Pro]",Mexico,iphone pro max charges faster ever much compared iphone pro,neutral,59,-0.2732,negative,positive,positive,2,positive
iPhone 17 Pro Max Review - Even BETTER Than You Think!,United States,iphone pro max review even better think,positive,39,0.4404,positive,positive,positive,2,positive
New iPhone Air & iPhone 17 Pro Max Challenges - SVP John Ternus Explains,United States,new iphone air iphone pro max challenges svp john ternus explains,positive,65,0.0772,positive,positive,positive,2,positive
New Report Lists RAM Amounts in iPhone 17 and iPhone 17 Pro Models,United States,new report lists ram amounts iphone iphone pro models,positive,53,0.0,neutral,positive,positive,2,positive
iPhone 17 Pro Max's Internal Design With Metal Battery Allegedly Leaks,United States,iphone pro max internal design metal battery allegedly leaks,neutral,60,0.0,neutral,negative,negative,2,positive
iPhone 17 Base Model Rumored to Feature Larger Display,United States,iphone base model rumored feature larger display,negative,48,0.0,neutral,negative,negative,2,positive
"Thicker, heavier iPhone 17 Pro Max revealed in new hands-on video",Mexico,thicker heavier iphone pro max revealed new hands video,positive,55,0.0,neutral,positive,positive,2,positive
iPhone 17 Pro Max Rumors Allegedly Refer to 'iPhone 17 Ultra' Model,United States,iphone pro max rumors allegedly refer iphone ultra model,negative,56,0.0,neutral,negative,negative,2,positive
Kuo: Next Year's Upgrade to 12GB RAM Will Be Limited to iPhone 17 Pro Max,Mexico,kuo next year upgrade gb ram will limited iphone pro max,negative,56,-0.2263,negative,negative,negative,2,positive
iPhone 17 Pro Max Will Be First to Feature Three 48MP Camera Lenses,United States,iphone pro max will first feature three mp camera lenses,positive,56,0.0,neutral,positive,positive,2,positive
Best color grading for iPhone 17,United States,best color grading iphone,positive,25,0.6369,positive,positive,positive,2,positive
"I never imagined to say this but, is Apple becoming one of the most budget friendly brands?",United States,never imagined say apple becoming one budget friendly brands,positive,60,0.4939,positive,positive,positive,2,positive
"Apple Aware of Issue With Apple Intelligence on Some iPhone 17 Models, Fix Coming",United States,apple aware issue apple intelligence iphone models fix coming,positive,61,0.4767,positive,positive,positive,2,positive
"New iPhone Air, iPhone 17, and iPhone 17 Pro have an anti-spyware feature",United States,new iphone air iphone iphone pro anti spyware feature,negative,53,-0.3182,negative,positive,positive,2,positive
"iPhone 17 Pro Teardown: Fascinating Battery, New Vapor Chamber & Scratchgate! | iFixit",United States,iphone pro teardown fascinating battery new vapor chamber scratchgate ifixit,positive,76,0.5423,positive,positive,positive,2,positive
iPhone 17 Pro Teardown Reveals Apple's New Approach to Thermal Management and Repairs,Mexico,iphone pro teardown reveals apple new approach thermal management repairs,positive,73,0.0,neutral,positive,positive,2,positive
"Apple's iPhone 17 ""cycle is better than we expected"", says Morgan Stanley's Erik Woodring",United States,apple iphone cycle better expected says morgan stanley erik woodring,positive,68,0.4404,positive,positive,positive,2,positive
iPhone 17 Pro Review - Something’s Missing,United States,iphone pro review something missing,negative,35,-0.296,negative,negative,negative,2,positive
"Apple iPhone 17 demand is ""quite strong,"" says BofA's Wamsi Mohan",United States,apple iphone demand quite strong says bofa wamsi mohan,positive,54,0.4754,positive,positive,positive,2,positive
"Apple iPhone 17 Unboxing, Hands-On & First Impressions! (Sage Green) | TechDaily",United States,apple iphone unboxing hands first impressions sage green techdaily,positive,66,0.2263,positive,positive,positive,2,positive
iPhone 17 Pro Scratch Gate is Real -- But its not your fault,United States,iphone pro scratch gate real fault,negative,34,-0.4019,negative,positive,positive,2,positive
Apple’s iPhone 17 Shows Device’s Staying Power — At Least for Now,Mexico,apple iphone shows device staying power least,negative,45,0.0,neutral,negative,negative,2,positive
iPhone 17: Using the New Dual Capture Video Feature,United States,iphone using new dual capture video feature,positive,43,0.0,neutral,positive,positive,2,positive
iPhone Air Beats iPhone 17 PM and S25 Ultra in Latest Battery Test,United States,iphone air beats iphone pm ultra latest battery test,positive,52,0.0,neutral,positive,positive,2,positive
"Early indications show the iPhone 17 will be a great cycle, says Deepwater's Gene Munster",United States,early indications show iphone will great cycle says deepwater gene munster,positive,74,0.6249,positive,positive,positive,2,positive
Two iPhone 17 Pro and iPhone Air Colors Appear to Scratch More Easily,United States,two iphone pro iphone air colors appear scratch easily,positive,54,0.34,positive,positive,positive,2,positive
Apple has told at least two suppliers to boost production of the entry-level model iPhone 17 by at least 30% after strong pre-orders,United States,apple told least two suppliers boost production entry level model iphone least strong pre orders,neutral,96,-0.0005,neutral,negative,negative,2,positive
Final Cut Pro for Mac and iPad Updated With New iPhone 17 Pro and iPadOS 26 Features,United States,final cut pro mac ipad updated new iphone pro ipados features,negative,61,-0.2732,negative,positive,positive,2,positive
iPhone 17 Pro Teardown: Big Upgrades Make Repair Harder?,United States,iphone pro teardown big upgrades make repair harder,neutral,51,0.0,neutral,negative,negative,2,positive
"Apple CEO Tim Cook on iPhone 17 launch: ""It's the most important day of the year for us.""",United States,apple ceo tim cook iphone launch important day year us,positive,54,0.2023,positive,positive,positive,2,positive
iPhone 17 goes on sale: Apple CEO Tim Cook opens flagship Fifth Avenue store in New York City,United States,iphone goes sale apple ceo tim cook opens flagship fifth avenue store new york city,positive,83,0.1027,positive,positive,positive,2,positive
Another Chinese reviewer with a clear focus on iPhone 17 photography and video capabilities (with English subtitles),United States,another chinese reviewer clear focus iphone photography video capabilities english subtitles,positive,92,0.3818,positive,positive,positive,2,positive
iPhone 17 battery life test shows strong results across the lineup.,United States,iphone battery life test shows strong results across lineup,positive,59,0.5106,positive,positive,positive,2,positive
Geekerwan’s Analysis of the iPhone 17 Series - A Huge Leap in Performance!,United States,geekerwan analysis iphone series huge leap performance,positive,54,0.3182,positive,positive,positive,2,positive
iPhone 17 Review | Skip the Pro? This Year’s Standard Model Is Seriously Impressive,Brazil,iphone review skip pro year standard model seriously impressive,positive,63,0.3818,positive,positive,positive,2,positive
Is the current criticism on iPhones (and Apple in general) warranted? Especially with the new Liquid Glass design choices?,United States,current criticism iphones apple general warranted especially new liquid glass design choices,negative,92,-0.4404,negative,positive,positive,2,positive
iPhone 17 Reviews: Choosing the Base Model 'No Longer Means Missing Out',United States,iphone reviews choosing base model longer means missing,negative,55,-0.296,negative,negative,negative,2,positive
iPhone 17/Pro/Air Unboxing: 1 Hot Take!,United States,iphone pro air unboxing hot take,positive,32,0.0,neutral,positive,positive,2,positive
"How come Apple is saying the iPhone 17 Pro features their first aluminium unibody, when the iPhone 6 also did?",United States,come apple saying iphone pro features first aluminium unibody iphone also,positive,73,0.0,neutral,positive,positive,2,positive
"Kuo: High Demand for iPhone 17 Models, But Questions Remain About iPhone Air",United States,kuo high demand iphone models questions remain iphone air,neutral,57,-0.128,negative,positive,positive,2,positive
PSA: You'll need a new charger to take advantage of iPhone 17 Pro's fast charging - 9to5Mac,United States,psa ll need new charger take advantage iphone pro fast charging mac,positive,67,0.25,positive,positive,positive,2,positive
The new iPhone 17 Center Stage camera with square pixels is clearly made for the iPhone Fold,United States,new iphone center stage camera square pixels clearly made iphone fold,positive,69,0.4019,positive,positive,positive,2,positive
"iPhone 17 sales off to a strong start in China, while iPhone Air launch is blocked",United States,iphone sales strong start china iphone air launch blocked,positive,57,0.296,positive,positive,positive,2,positive
"Apple's New N1 Chip in iPhone 17, iPhone 17 Pro, and iPhone Air Has a Wi-Fi 7 Limitation (“the N1 chip in all of the new iPhone models supports up to 160 MHz channel bandwidth for Wi-Fi 7, short of the standard's 320 MHz maximum.”)",United States,apple new chip iphone iphone pro iphone air wi fi limitation chip new iphone models supports mhz channel bandwidth wi fi short standard mhz maximum,positive,147,0.0772,positive,positive,positive,2,positive
Chinese pre-orders for Apple’s iPhone 17 break records amid strong demand,United States,chinese pre orders apple iphone break records amid strong demand,positive,64,0.4215,positive,positive,positive,2,positive
"Except the Air, 17 series is Apple's best launch of the decade. Surprised by the uncalled criticism.",United States,except air series apple best launch decade surprised uncalled criticism,positive,71,0.4939,positive,positive,positive,2,positive
All-New Apple Store in Downtown Detroit Opens on iPhone 17 and iPhone Air Launch Day,United States,new apple store downtown detroit opens iphone iphone air launch day,positive,67,0.0,neutral,positive,positive,2,positive
"Apple's Joz & John on iPhone 17 Pro: ""You want a fun color? How about Cosmic Orange, baby!""",United States,apple joz john iphone pro want fun color cosmic orange baby,positive,59,0.5574,positive,positive,positive,2,positive
"Apple's A19 Pro beats Ryzen 9 9950X in single-thread Geekbench tests — iPhone 17 Pro chip packs 11-12% CPU performance bump, GPU performance up 37% over predecessor",United States,apple pro beats ryzen single thread geekbench tests iphone pro chip packs cpu performance bump gpu performance predecessor,neutral,122,0.0,neutral,negative,negative,2,positive
No 256GB variant in base iPhone 16 anymore?,United States,gb variant base iphone anymore,negative,30,0.0,neutral,negative,negative,2,positive
"Lossless, realtime audio support in iPhone 17 and AirPods Pro 3? Sounds great, but if true why didn't Apple announce it?",United States,lossless realtime audio support iphone airpods pro sounds great true didn apple announce,positive,88,0.8625,positive,positive,positive,2,positive
iPhone 17 Base – The best of the iPhone releases this year… almost perfect!,United States,iphone base best iphone releases year almost perfect,positive,52,0.8228,positive,positive,positive,2,positive
iPhone 17 Introduces 'Groundbreaking' New Memory Security Feature,United States,iphone introduces groundbreaking new memory security feature,positive,60,0.34,positive,positive,positive,2,positive
"Sam Altman on iPhone 17 series: ‘First upgrade I’ve wanted in a while’, backs replacing Siri with ChatGPT Voice",United States,sam altman iphone series first upgrade ve wanted backs replacing siri chatgpt voice,positive,83,-0.0516,negative,positive,positive,2,positive
iPhone 17 - First Look & Hands-On! | Brian Tong,United States,iphone first look hands brian tong,positive,34,0.0,neutral,positive,positive,2,positive
Why does Apple’s iPhone 17 Pro ‘Clear’ Case have a white block that makes the design look worse?,United States,apple iphone pro clear case white block makes design look worse,negative,63,-0.5267,negative,negative,negative,2,positive
iPhone 17 Air - First Look & Hands-On! | Brian Tong,United States,iphone air first look hands brian tong,positive,38,0.0,neutral,positive,positive,2,positive
